<?xml version="1.0" encoding="utf-8"?>
<ProjectInfo>
	<Project Name="DJamProject" GUID="{4E688A09-BAD3-496B-BBDA-9482206ECF08}" Generator="2023.1.5.8522"/>
	<CacheRoot>../../../../../WwiseProject/.cache</CacheRoot>
	<Platforms>
		<Platform Name="Mac" GUID="{EC30B7C7-262B-4921-8BFF-C3DF286737A3}" BasePlatform="Mac" BasePlatformGUID="{9C6217D5-DD11-4795-87C1-6CE02853C540}" Path="../../../../../WwiseProject/GeneratedSoundBanks/Mac"/>
		<Platform Name="Windows" GUID="{05EA0E29-358C-421E-9140-446A5413D880}" BasePlatform="Windows" BasePlatformGUID="{6E0CB257-C6C8-4C5C-8366-2740DFC441EB}" Path="../../../../../WwiseProject/GeneratedSoundBanks/Windows"/>
	</Platforms>
	<Languages>
		<Language Name="English(US)" Id="684519430" GUID="{9706AA44-8983-4049-A955-3BF25A616BCB}" Default="true" UseAsStandIn="true"/>
	</Languages>
	<FileHash>{E871D514-9BA4-DB64-D61B-F7A2BF70E255}</FileHash>
</ProjectInfo>
